[{"model": "contenttypes.contenttype", "pk": 1, "fields": {"app_label": "admin", "model": "logentry"}}, {"model": "contenttypes.contenttype", "pk": 2, "fields": {"app_label": "auth", "model": "permission"}}, {"model": "contenttypes.contenttype", "pk": 3, "fields": {"app_label": "auth", "model": "group"}}, {"model": "contenttypes.contenttype", "pk": 4, "fields": {"app_label": "auth", "model": "user"}}, {"model": "contenttypes.contenttype", "pk": 5, "fields": {"app_label": "contenttypes", "model": "contenttype"}}, {"model": "contenttypes.contenttype", "pk": 6, "fields": {"app_label": "sessions", "model": "session"}}, {"model": "contenttypes.contenttype", "pk": 7, "fields": {"app_label": "contatos", "model": "categoria"}}, {"model": "contenttypes.contenttype", "pk": 8, "fields": {"app_label": "contatos", "model": "contato"}}, {"model": "sessions.session", "pk": "ylx83w6q0awl6i1gzemc73fpgvr3g2op", "fields": {"session_data": "NTFmNmFkNmVjM2ZkY2NiY2YzZDZhZjk3MzUyMmEzYTI3NzU2ZDk0Yjp7Il9hdXRoX3VzZXJfaWQiOiIxIiwiX2F1dGhfdXNlcl9iYWNrZW5kIjoiZGphbmdvLmNvbnRyaWIuYXV0aC5iYWNrZW5kcy5Nb2RlbEJhY2tlbmQiLCJfYXV0aF91c2VyX2hhc2giOiJjMWU2MGM4MmNjMTA4YzgxZWI5MmYwYmNmYTdhOWQ3NjZlNzFiZmNmIn0=", "expire_date": "2022-11-29T13:53:03.874Z"}}, {"model": "contatos.categoria", "pk": 1, "fields": {"nome": "Familia"}}, {"model": "contatos.categoria", "pk": 2, "fields": {"nome": "Conhecidos"}}, {"model": "contatos.categoria", "pk": 3, "fields": {"nome": "Amigos"}}, {"model": "contatos.contato", "pk": 1, "fields": {"nome": "Thomas", "sobrenome": "da Concei\u00e7\u00e3o", "telefone": "+55 (051) 1162-5234", "email": "thomas@email.com", "data_criacao": "2022-11-11T12:57:03Z", "descricao": "Iste eum eum nobis enim repellat quasi magni.", "categoria": 3, "mostrar": true, "foto": ""}}, {"model": "contatos.contato", "pk": 2, "fields": {"nome": "Let\u00edcia", "sobrenome": "Lima", "telefone": "+55 71 4755 3393", "email": "let\u00edcia@email.com", "data_criacao": "2022-11-11T12:57:03Z", "descricao": "Velit illo porro exercitationem harum corporis commodi.", "categoria": 2, "mostrar": false, "foto": ""}}, {"model": "contatos.contato", "pk": 3, "fields": {"nome": "La\u00eds", "sobrenome": "da Mata", "telefone": "+55 11 6161-0673", "email": "la\u00eds@email.com", "data_criacao": "2022-11-11T12:57:03Z", "descricao": "Atque maxime exercitationem libero quam laudantium libero.", "categoria": 3, "mostrar": false, "foto": ""}}, {"model": "contatos.contato", "pk": 4, "fields": {"nome": "Ben\u00edcio", "sobrenome": "Castro", "telefone": "+55 84 9025 5671", "email": "ben\u00edcio@email.com", "data_criacao": "2022-11-11T12:57:03Z", "descricao": "Voluptatem occaecati eveniet ut nihil dolorem esse eos.", "categoria": 3, "mostrar": true, "foto": ""}}, {"model": "contatos.contato", "pk": 5, "fields": {"nome": "Maria Julia", "sobrenome": "Campos", "telefone": "(011) 9434 1065", "email": "maria@email.com", "data_criacao": "2022-11-11T12:57:03Z", "descricao": "Error cum eum nemo aperiam nisi.", "categoria": 3, "mostrar": true, "foto": ""}}, {"model": "contatos.contato", "pk": 6, "fields": {"nome": "Isabella", "sobrenome": "Cardoso", "telefone": "0500 630 6397", "email": "isabella@email.com", "data_criacao": "2022-11-11T12:57:03Z", "descricao": "Voluptatum esse officia quis quisquam ex.", "categoria": 1, "mostrar": true, "foto": ""}}, {"model": "contatos.contato", "pk": 7, "fields": {"nome": "Sophie", "sobrenome": "Pires", "telefone": "84 8751-0020", "email": "sophie@email.com", "data_criacao": "2022-11-11T12:57:03Z", "descricao": "Illum ducimus illum molestiae corporis nam atque cupiditate.", "categoria": 3, "mostrar": true, "foto": ""}}, {"model": "contatos.contato", "pk": 8, "fields": {"nome": "Vitor", "sobrenome": "Rezende", "telefone": "84 6550-8770", "email": "vitor@email.com", "data_criacao": "2022-11-11T12:57:03Z", "descricao": "Eum hic eligendi sit.", "categoria": 3, "mostrar": true, "foto": ""}}, {"model": "contatos.contato", "pk": 9, "fields": {"nome": "Maria Clara", "sobrenome": "Moreira", "telefone": "(061) 8892-5262", "email": "maria@email.com", "data_criacao": "2022-11-11T12:57:03Z", "descricao": "Optio quasi maxime voluptatibus magnam.", "categoria": 2, "mostrar": true, "foto": ""}}, {"model": "contatos.contato", "pk": 10, "fields": {"nome": "Marcelo", "sobrenome": "Sales", "telefone": "+55 (084) 4993-3157", "email": "marcelo@email.com", "data_criacao": "2022-11-11T12:57:03Z", "descricao": "Suscipit ex praesentium numquam quam magni excepturi.", "categoria": 1, "mostrar": true, "foto": ""}}, {"model": "contatos.contato", "pk": 11, "fields": {"nome": "Rodrigo", "sobrenome": "Cardoso", "telefone": "+55 51 2090 3986", "email": "rodrigo@email.com", "data_criacao": "2022-11-11T12:57:03Z", "descricao": "Itaque libero amet in.", "categoria": 3, "mostrar": true, "foto": ""}}, {"model": "contatos.contato", "pk": 12, "fields": {"nome": "Melissa", "sobrenome": "Martins", "telefone": "0900 230 8173", "email": "melissa@email.com", "data_criacao": "2022-11-11T12:57:03Z", "descricao": "Magnam vitae eaque.", "categoria": 1, "mostrar": true, "foto": ""}}, {"model": "contatos.contato", "pk": 13, "fields": {"nome": "Danilo", "sobrenome": "da Cunha", "telefone": "+55 81 7651-4057", "email": "danilo@email.com", "data_criacao": "2022-11-11T12:57:03Z", "descricao": "Ex ipsam eaque adipisci facilis.", "categoria": 2, "mostrar": true, "foto": ""}}, {"model": "contatos.contato", "pk": 14, "fields": {"nome": "Jo\u00e3o Pedro", "sobrenome": "da Mota", "telefone": "(021) 7583 8695", "email": "jo\u00e3o@email.com", "data_criacao": "2022-11-11T12:57:03Z", "descricao": "Aspernatur dolores dolorum dicta voluptates perferendis nostrum.", "categoria": 3, "mostrar": true, "foto": ""}}, {"model": "contatos.contato", "pk": 15, "fields": {"nome": "Ana", "sobrenome": "da Mata", "telefone": "+55 (081) 0218-5649", "email": "ana@email.com", "data_criacao": "2022-11-11T12:57:03Z", "descricao": "Ut sint impedit sequi ex eum cum.", "categoria": 3, "mostrar": true, "foto": ""}}, {"model": "contatos.contato", "pk": 16, "fields": {"nome": "Carolina", "sobrenome": "da Mata", "telefone": "+55 61 8275-4953", "email": "carolina@email.com", "data_criacao": "2022-11-11T12:57:03Z", "descricao": "Ea similique nisi quas.", "categoria": 2, "mostrar": true, "foto": ""}}, {"model": "contatos.contato", "pk": 17, "fields": {"nome": "Guilherme", "sobrenome": "Cardoso", "telefone": "0300 178 2873", "email": "guilherme@email.com", "data_criacao": "2022-11-11T12:57:03Z", "descricao": "Aut aperiam saepe reprehenderit dolores optio voluptates.", "categoria": 1, "mostrar": true, "foto": ""}}, {"model": "contatos.contato", "pk": 18, "fields": {"nome": "Jo\u00e3o Vitor", "sobrenome": "da Rocha", "telefone": "+55 51 1274 5355", "email": "jo\u00e3o@email.com", "data_criacao": "2022-11-11T12:57:03Z", "descricao": "Labore vero doloremque dolores.", "categoria": 2, "mostrar": true, "foto": ""}}, {"model": "contatos.contato", "pk": 19, "fields": {"nome": "Maria Fernanda", "sobrenome": "Lopes", "telefone": "(011) 4067-0478", "email": "maria@email.com", "data_criacao": "2022-11-11T12:57:03Z", "descricao": "Adipisci at laudantium laborum quis.", "categoria": 3, "mostrar": true, "foto": ""}}, {"model": "contatos.contato", "pk": 20, "fields": {"nome": "Ana Luiza", "sobrenome": "Teixeira", "telefone": "(071) 6003-7888", "email": "ana@email.com", "data_criacao": "2022-11-11T12:57:03Z", "descricao": "Impedit sint molestias aut corporis.", "categoria": 2, "mostrar": true, "foto": ""}}, {"model": "contatos.contato", "pk": 21, "fields": {"nome": "Maria Vit\u00f3ria", "sobrenome": "da Paz", "telefone": "+55 31 1771-0422", "email": "maria@email.com", "data_criacao": "2022-11-11T12:57:03Z", "descricao": "Ut quo delectus voluptate at eius animi.", "categoria": 3, "mostrar": true, "foto": ""}}, {"model": "contatos.contato", "pk": 22, "fields": {"nome": "Luiz Henrique", "sobrenome": "Lima", "telefone": "+55 (031) 2560-0106", "email": "luiz@email.com", "data_criacao": "2022-11-11T12:57:03Z", "descricao": "Placeat ipsa veniam voluptas a.", "categoria": 1, "mostrar": true, "foto": ""}}, {"model": "contatos.contato", "pk": 23, "fields": {"nome": "Camila", "sobrenome": "Almeida", "telefone": "+55 11 0691-8740", "email": "camila@email.com", "data_criacao": "2022-11-11T12:57:03Z", "descricao": "Accusantium dicta at possimus accusantium quibusdam.", "categoria": 2, "mostrar": true, "foto": ""}}, {"model": "contatos.contato", "pk": 24, "fields": {"nome": "Cau\u00e3", "sobrenome": "Cavalcanti", "telefone": "0900-332-8952", "email": "cau\u00e3@email.com", "data_criacao": "2022-11-11T12:57:03Z", "descricao": "Voluptas enim aliquam neque ipsum.", "categoria": 3, "mostrar": true, "foto": ""}}, {"model": "contatos.contato", "pk": 25, "fields": {"nome": "Alexandre", "sobrenome": "Duarte", "telefone": "11 2422-3280", "email": "alexandre@email.com", "data_criacao": "2022-11-11T12:57:03Z", "descricao": "Asperiores minus adipisci maxime similique animi.", "categoria": 3, "mostrar": true, "foto": ""}}, {"model": "contatos.contato", "pk": 26, "fields": {"nome": "Alana", "sobrenome": "Melo", "telefone": "41 3091 2011", "email": "alana@email.com", "data_criacao": "2022-11-11T12:57:03Z", "descricao": "Sed corporis temporibus aperiam atque odit repudiandae.", "categoria": 1, "mostrar": true, "foto": ""}}, {"model": "contatos.contato", "pk": 27, "fields": {"nome": "Leandro", "sobrenome": "Nogueira", "telefone": "0800 211 8973", "email": "leandro@email.com", "data_criacao": "2022-11-11T12:57:03Z", "descricao": "Quia blanditiis provident natus reiciendis.", "categoria": 2, "mostrar": true, "foto": ""}}, {"model": "contatos.contato", "pk": 28, "fields": {"nome": "Brenda", "sobrenome": "Carvalho", "telefone": "(051) 2801 9476", "email": "brenda@email.com", "data_criacao": "2022-11-11T12:57:03Z", "descricao": "A quas earum.", "categoria": 3, "mostrar": true, "foto": ""}}, {"model": "contatos.contato", "pk": 29, "fields": {"nome": "Cau\u00ea", "sobrenome": "da Rosa", "telefone": "0500 779 5764", "email": "cau\u00ea@email.com", "data_criacao": "2022-11-11T12:57:03Z", "descricao": "Tempora quo necessitatibus facere aliquid at.", "categoria": 1, "mostrar": true, "foto": ""}}, {"model": "contatos.contato", "pk": 30, "fields": {"nome": "Emanuelly", "sobrenome": "Correia", "telefone": "(081) 4953-6194", "email": "emanuelly@email.com", "data_criacao": "2022-11-11T12:57:03Z", "descricao": "Voluptatum et magni numquam facilis architecto perferendis.", "categoria": 1, "mostrar": true, "foto": ""}}, {"model": "contatos.contato", "pk": 31, "fields": {"nome": "Helena", "sobrenome": "Campos", "telefone": "11 7714 3404", "email": "helena@email.com", "data_criacao": "2022-11-11T12:57:03Z", "descricao": "Odio quia temporibus aut animi mollitia.", "categoria": 3, "mostrar": true, "foto": ""}}, {"model": "contatos.contato", "pk": 32, "fields": {"nome": "Nat\u00e1lia", "sobrenome": "Moreira", "telefone": "0900 907 6743", "email": "nat\u00e1lia@email.com", "data_criacao": "2022-11-11T12:57:03Z", "descricao": "Voluptate accusamus facere asperiores ipsa eveniet perferendis temporibus.", "categoria": 1, "mostrar": true, "foto": ""}}, {"model": "contatos.contato", "pk": 33, "fields": {"nome": "Stella", "sobrenome": "da Mata", "telefone": "+55 21 6782 0561", "email": "stella@email.com", "data_criacao": "2022-11-11T12:57:03Z", "descricao": "Facere maiores vitae dignissimos sed.", "categoria": 1, "mostrar": true, "foto": ""}}, {"model": "contatos.contato", "pk": 34, "fields": {"nome": "Jo\u00e3o Gabriel", "sobrenome": "Castro", "telefone": "+55 84 3376 7259", "email": "jo\u00e3o@email.com", "data_criacao": "2022-11-11T12:57:03Z", "descricao": "Ex saepe nesciunt laborum perferendis iure.", "categoria": 1, "mostrar": true, "foto": ""}}, {"model": "contatos.contato", "pk": 35, "fields": {"nome": "Maysa", "sobrenome": "Gon\u00e7alves", "telefone": "+55 (041) 7722 5618", "email": "maysa@email.com", "data_criacao": "2022-11-11T12:57:03Z", "descricao": "Blanditiis placeat enim nemo.", "categoria": 2, "mostrar": true, "foto": ""}}, {"model": "contatos.contato", "pk": 36, "fields": {"nome": "Maria Sophia", "sobrenome": "Lima", "telefone": "+55 84 5803-0339", "email": "maria@email.com", "data_criacao": "2022-11-11T12:57:03Z", "descricao": "Nam id eaque rerum quo.", "categoria": 2, "mostrar": true, "foto": ""}}, {"model": "contatos.contato", "pk": 37, "fields": {"nome": "Vitor", "sobrenome": "das Neves", "telefone": "+55 21 9482 2290", "email": "vitor@email.com", "data_criacao": "2022-11-11T12:57:03Z", "descricao": "Mollitia ipsum doloremque maxime.", "categoria": 2, "mostrar": true, "foto": ""}}, {"model": "contatos.contato", "pk": 38, "fields": {"nome": "Eduardo", "sobrenome": "Lima", "telefone": "71 8125-9728", "email": "eduardo@email.com", "data_criacao": "2022-11-11T12:57:03Z", "descricao": "Nobis voluptatibus laboriosam.", "categoria": 2, "mostrar": true, "foto": ""}}, {"model": "contatos.contato", "pk": 39, "fields": {"nome": "Lorenzo", "sobrenome": "Viana", "telefone": "+55 84 7530 5090", "email": "lorenzo@email.com", "data_criacao": "2022-11-11T12:57:03Z", "descricao": "Esse adipisci officiis error.", "categoria": 3, "mostrar": true, "foto": ""}}, {"model": "contatos.contato", "pk": 40, "fields": {"nome": "Isadora", "sobrenome": "Carvalho", "telefone": "(071) 6128-5453", "email": "isadora@email.com", "data_criacao": "2022-11-11T12:57:03Z", "descricao": "Laborum eligendi distinctio veniam.", "categoria": 2, "mostrar": true, "foto": ""}}, {"model": "contatos.contato", "pk": 41, "fields": {"nome": "Miguel", "sobrenome": "Rezende", "telefone": "0800 191 1309", "email": "miguel@email.com", "data_criacao": "2022-11-11T12:57:03Z", "descricao": "Alias repellendus error facere vel.", "categoria": 1, "mostrar": true, "foto": ""}}, {"model": "contatos.contato", "pk": 42, "fields": {"nome": "Paulo", "sobrenome": "Monteiro", "telefone": "21 4129-3146", "email": "paulo@email.com", "data_criacao": "2022-11-11T12:57:03Z", "descricao": "Rerum dignissimos animi accusamus dicta.", "categoria": 3, "mostrar": true, "foto": ""}}, {"model": "contatos.contato", "pk": 43, "fields": {"nome": "Juan", "sobrenome": "Campos", "telefone": "61 7614 3649", "email": "juan@email.com", "data_criacao": "2022-11-11T12:57:03Z", "descricao": "Et debitis amet perspiciatis deserunt.", "categoria": 3, "mostrar": true, "foto": ""}}, {"model": "contatos.contato", "pk": 44, "fields": {"nome": "Lucas", "sobrenome": "Martins", "telefone": "0500-821-1842", "email": "lucas@email.com", "data_criacao": "2022-11-11T12:57:03Z", "descricao": "Quasi asperiores voluptate dolores excepturi blanditiis ad.", "categoria": 3, "mostrar": true, "foto": ""}}, {"model": "contatos.contato", "pk": 45, "fields": {"nome": "Sarah", "sobrenome": "Martins", "telefone": "(081) 0845-9134", "email": "sarah@email.com", "data_criacao": "2022-11-11T12:57:03Z", "descricao": "Deserunt cum quia aliquam accusamus.", "categoria": 2, "mostrar": true, "foto": ""}}, {"model": "contatos.contato", "pk": 46, "fields": {"nome": "Jo\u00e3o Vitor", "sobrenome": "Lopes", "telefone": "51 5889 1132", "email": "jo\u00e3o@email.com", "data_criacao": "2022-11-11T12:57:03Z", "descricao": "Molestiae eaque ipsa quas.", "categoria": 1, "mostrar": true, "foto": ""}}, {"model": "contatos.contato", "pk": 47, "fields": {"nome": "Ana Luiza", "sobrenome": "Freitas", "telefone": "84 8307-4566", "email": "ana@email.com", "data_criacao": "2022-11-11T12:57:03Z", "descricao": "Quo hic nisi molestias libero inventore.", "categoria": 1, "mostrar": true, "foto": ""}}, {"model": "contatos.contato", "pk": 48, "fields": {"nome": "Leandro", "sobrenome": "da Rocha", "telefone": "51 0135 9773", "email": "leandro@email.com", "data_criacao": "2022-11-11T12:57:03Z", "descricao": "Tempora omnis tenetur animi illo fugit nam.", "categoria": 2, "mostrar": true, "foto": ""}}, {"model": "contatos.contato", "pk": 49, "fields": {"nome": "Mariane", "sobrenome": "Freitas", "telefone": "31 5235-5485", "email": "mariane@email.com", "data_criacao": "2022-11-11T12:57:03Z", "descricao": "Possimus veritatis saepe nemo aperiam.", "categoria": 1, "mostrar": true, "foto": ""}}, {"model": "contatos.contato", "pk": 50, "fields": {"nome": "Pedro", "sobrenome": "Oliveira", "telefone": "41 5123 6267", "email": "pedro@email.com", "data_criacao": "2022-11-11T12:57:03Z", "descricao": "Asperiores tempora nihil.", "categoria": 1, "mostrar": true, "foto": ""}}, {"model": "contatos.contato", "pk": 51, "fields": {"nome": "Thomas", "sobrenome": "Ara\u00fajo", "telefone": "(041) 5519-4397", "email": "thomas@email.com", "data_criacao": "2022-11-11T12:57:03Z", "descricao": "In nobis fugiat porro dolor nisi.", "categoria": 1, "mostrar": true, "foto": ""}}, {"model": "contatos.contato", "pk": 52, "fields": {"nome": "Heitor", "sobrenome": "Costa", "telefone": "+55 (051) 3216 3374", "email": "heitor@email.com", "data_criacao": "2022-11-11T12:57:03Z", "descricao": "Tempore quasi ex voluptatum voluptas qui.", "categoria": 1, "mostrar": true, "foto": ""}}, {"model": "contatos.contato", "pk": 53, "fields": {"nome": "Ana Carolina", "sobrenome": "Lima", "telefone": "+55 (031) 2964-4714", "email": "ana@email.com", "data_criacao": "2022-11-11T12:57:03Z", "descricao": "Nisi asperiores exercitationem illum iure ea eaque.", "categoria": 1, "mostrar": true, "foto": ""}}, {"model": "contatos.contato", "pk": 54, "fields": {"nome": "Lav\u00ednia", "sobrenome": "Almeida", "telefone": "+55 (021) 8110 8611", "email": "lav\u00ednia@email.com", "data_criacao": "2022-11-11T12:57:03Z", "descricao": "Animi exercitationem possimus.", "categoria": 1, "mostrar": true, "foto": ""}}, {"model": "contatos.contato", "pk": 55, "fields": {"nome": "Ana", "sobrenome": "Freitas", "telefone": "81 6457-5051", "email": "ana@email.com", "data_criacao": "2022-11-11T12:57:03Z", "descricao": "Deserunt quo cum voluptates.", "categoria": 1, "mostrar": true, "foto": ""}}, {"model": "contatos.contato", "pk": 56, "fields": {"nome": "Yuri", "sobrenome": "da Rocha", "telefone": "(081) 5978 7420", "email": "yuri@email.com", "data_criacao": "2022-11-11T12:57:03Z", "descricao": "Cumque eos voluptatem rerum temporibus explicabo.", "categoria": 1, "mostrar": true, "foto": ""}}, {"model": "contatos.contato", "pk": 57, "fields": {"nome": "Lara", "sobrenome": "Rodrigues", "telefone": "+55 61 2618-6933", "email": "lara@email.com", "data_criacao": "2022-11-11T12:57:03Z", "descricao": "Animi sequi ipsum harum blanditiis.", "categoria": 2, "mostrar": true, "foto": ""}}, {"model": "contatos.contato", "pk": 58, "fields": {"nome": "Manuela", "sobrenome": "da Mota", "telefone": "+55 21 9959-6171", "email": "manuela@email.com", "data_criacao": "2022-11-11T12:57:03Z", "descricao": "Aliquid eius magnam doloremque modi iusto.", "categoria": 2, "mostrar": true, "foto": ""}}, {"model": "contatos.contato", "pk": 59, "fields": {"nome": "Pedro Lucas", "sobrenome": "Souza", "telefone": "+55 (081) 4458-3475", "email": "pedro@email.com", "data_criacao": "2022-11-11T12:57:03Z", "descricao": "Quibusdam asperiores fugiat maxime culpa occaecati alias quasi.", "categoria": 3, "mostrar": true, "foto": ""}}, {"model": "contatos.contato", "pk": 60, "fields": {"nome": "Clarice", "sobrenome": "Santos", "telefone": "(084) 5699 3516", "email": "clarice@email.com", "data_criacao": "2022-11-11T12:57:03Z", "descricao": "Soluta expedita similique ullam aut fuga.", "categoria": 2, "mostrar": true, "foto": ""}}, {"model": "contatos.contato", "pk": 61, "fields": {"nome": "Rafael", "sobrenome": "Barros", "telefone": "81 1421-8410", "email": "rafael@email.com", "data_criacao": "2022-11-11T12:57:03Z", "descricao": "Ad dignissimos iure saepe quis.", "categoria": 3, "mostrar": true, "foto": ""}}, {"model": "contatos.contato", "pk": 62, "fields": {"nome": "Luiz Ot\u00e1vio", "sobrenome": "da Luz", "telefone": "71 7394 5217", "email": "luiz@email.com", "data_criacao": "2022-11-11T12:57:03Z", "descricao": "Dicta similique ipsam aliquam iusto.", "categoria": 1, "mostrar": true, "foto": ""}}, {"model": "contatos.contato", "pk": 63, "fields": {"nome": "Joana", "sobrenome": "Rodrigues", "telefone": "11 1251-2943", "email": "joana@email.com", "data_criacao": "2022-11-11T12:57:03Z", "descricao": "Laborum eius ut fuga reiciendis consectetur.", "categoria": 3, "mostrar": true, "foto": ""}}, {"model": "contatos.contato", "pk": 64, "fields": {"nome": "Igor", "sobrenome": "Correia", "telefone": "0800-842-5812", "email": "igor@email.com", "data_criacao": "2022-11-11T12:57:03Z", "descricao": "Distinctio aliquam inventore vel quidem.", "categoria": 3, "mostrar": true, "foto": ""}}, {"model": "contatos.contato", "pk": 65, "fields": {"nome": "Jo\u00e3o Felipe", "sobrenome": "Pereira", "telefone": "+55 (021) 0586-0439", "email": "jo\u00e3o@email.com", "data_criacao": "2022-11-11T12:57:03Z", "descricao": "Ipsam reprehenderit et quo quod labore itaque laudantium.", "categoria": 3, "mostrar": true, "foto": ""}}, {"model": "contatos.contato", "pk": 66, "fields": {"nome": "Ana J\u00falia", "sobrenome": "Rocha", "telefone": "21 2771 8010", "email": "ana@email.com", "data_criacao": "2022-11-11T12:57:03Z", "descricao": "Vel quod esse natus perferendis.", "categoria": 2, "mostrar": true, "foto": ""}}, {"model": "contatos.contato", "pk": 67, "fields": {"nome": "Let\u00edcia", "sobrenome": "da Concei\u00e7\u00e3o", "telefone": "21 9903-9101", "email": "let\u00edcia@email.com", "data_criacao": "2022-11-11T12:57:03Z", "descricao": "Quasi consequatur facilis amet.", "categoria": 1, "mostrar": true, "foto": ""}}, {"model": "contatos.contato", "pk": 68, "fields": {"nome": "Helo\u00edsa", "sobrenome": "da Rosa", "telefone": "+55 84 4703 5529", "email": "helo\u00edsa@email.com", "data_criacao": "2022-11-11T12:57:03Z", "descricao": "Perferendis voluptatum architecto asperiores ratione possimus ut.", "categoria": 1, "mostrar": true, "foto": ""}}, {"model": "contatos.contato", "pk": 69, "fields": {"nome": "La\u00eds", "sobrenome": "Barbosa", "telefone": "(071) 6858-2769", "email": "la\u00eds@email.com", "data_criacao": "2022-11-11T12:57:03Z", "descricao": "Facilis dolor autem consequatur asperiores reprehenderit.", "categoria": 1, "mostrar": true, "foto": ""}}, {"model": "contatos.contato", "pk": 70, "fields": {"nome": "Carlos Eduardo", "sobrenome": "Moraes", "telefone": "+55 81 1098 6522", "email": "carlos@email.com", "data_criacao": "2022-11-11T12:57:03Z", "descricao": "Earum delectus doloremque asperiores similique quaerat.", "categoria": 1, "mostrar": true, "foto": ""}}, {"model": "contatos.contato", "pk": 71, "fields": {"nome": "Danilo", "sobrenome": "Ramos", "telefone": "0900 584 7228", "email": "danilo@email.com", "data_criacao": "2022-11-11T12:57:03Z", "descricao": "Neque magnam illo ratione.", "categoria": 2, "mostrar": true, "foto": ""}}, {"model": "contatos.contato", "pk": 72, "fields": {"nome": "Matheus", "sobrenome": "Oliveira", "telefone": "+55 71 4001-6699", "email": "matheus@email.com", "data_criacao": "2022-11-11T12:57:03Z", "descricao": "Dolorem laborum excepturi minima illo iste.", "categoria": 1, "mostrar": true, "foto": ""}}, {"model": "contatos.contato", "pk": 73, "fields": {"nome": "Kevin", "sobrenome": "Castro", "telefone": "+55 31 6894 7046", "email": "kevin@email.com", "data_criacao": "2022-11-11T12:57:03Z", "descricao": "Nemo possimus est sit iusto.", "categoria": 1, "mostrar": true, "foto": ""}}, {"model": "contatos.contato", "pk": 74, "fields": {"nome": "Anthony", "sobrenome": "da Paz", "telefone": "+55 (081) 7138 6412", "email": "anthony@email.com", "data_criacao": "2022-11-11T12:57:03Z", "descricao": "Deleniti officia velit voluptatibus perferendis sapiente harum pariatur.", "categoria": 2, "mostrar": true, "foto": ""}}, {"model": "contatos.contato", "pk": 75, "fields": {"nome": "Isabel", "sobrenome": "Cardoso", "telefone": "0900-000-6403", "email": "isabel@email.com", "data_criacao": "2022-11-11T12:57:03Z", "descricao": "Est nemo deleniti fuga in tempore necessitatibus maxime.", "categoria": 2, "mostrar": true, "foto": ""}}, {"model": "contatos.contato", "pk": 76, "fields": {"nome": "Gabrielly", "sobrenome": "Pires", "telefone": "+55 (081) 3240 6633", "email": "gabrielly@email.com", "data_criacao": "2022-11-11T12:57:03Z", "descricao": "Suscipit repellendus quibusdam fugit asperiores.", "categoria": 1, "mostrar": true, "foto": ""}}, {"model": "contatos.contato", "pk": 77, "fields": {"nome": "Benjamin", "sobrenome": "Jesus", "telefone": "+55 (021) 5852-7823", "email": "benjamin@email.com", "data_criacao": "2022-11-11T12:57:03Z", "descricao": "Incidunt amet sit consequatur accusamus.", "categoria": 2, "mostrar": true, "foto": ""}}, {"model": "contatos.contato", "pk": 78, "fields": {"nome": "Sophia", "sobrenome": "Cardoso", "telefone": "+55 31 1113-5004", "email": "sophia@email.com", "data_criacao": "2022-11-11T12:57:03Z", "descricao": "Quo dolores ad deleniti fugiat.", "categoria": 2, "mostrar": true, "foto": ""}}, {"model": "contatos.contato", "pk": 79, "fields": {"nome": "Rafael", "sobrenome": "Costa", "telefone": "+55 (051) 1311-8232", "email": "rafael@email.com", "data_criacao": "2022-11-11T12:57:03Z", "descricao": "Cumque incidunt neque consectetur sint tempora.", "categoria": 2, "mostrar": true, "foto": ""}}, {"model": "contatos.contato", "pk": 80, "fields": {"nome": "Diego", "sobrenome": "da Rocha", "telefone": "84 2027-7670", "email": "diego@email.com", "data_criacao": "2022-11-11T12:57:03Z", "descricao": "Cupiditate ipsum in.", "categoria": 2, "mostrar": true, "foto": ""}}, {"model": "contatos.contato", "pk": 81, "fields": {"nome": "Alice", "sobrenome": "Nogueira", "telefone": "81 7495-9725", "email": "alice@email.com", "data_criacao": "2022-11-11T12:57:03Z", "descricao": "Libero officia a assumenda tempora occaecati rem.", "categoria": 2, "mostrar": true, "foto": ""}}, {"model": "contatos.contato", "pk": 82, "fields": {"nome": "Luiz Ot\u00e1vio", "sobrenome": "Nunes", "telefone": "+55 (071) 3028 9199", "email": "luiz@email.com", "data_criacao": "2022-11-11T12:57:03Z", "descricao": "Qui libero illo.", "categoria": 2, "mostrar": true, "foto": ""}}, {"model": "contatos.contato", "pk": 83, "fields": {"nome": "Paulo", "sobrenome": "Monteiro", "telefone": "51 6174 2831", "email": "paulo@email.com", "data_criacao": "2022-11-11T12:57:03Z", "descricao": "Excepturi sapiente iste autem ex provident explicabo.", "categoria": 3, "mostrar": true, "foto": ""}}, {"model": "contatos.contato", "pk": 84, "fields": {"nome": "Davi Lucca", "sobrenome": "Rodrigues", "telefone": "0300 813 5001", "email": "davi@email.com", "data_criacao": "2022-11-11T12:57:03Z", "descricao": "Accusamus unde laudantium illum.", "categoria": 2, "mostrar": true, "foto": ""}}, {"model": "contatos.contato", "pk": 85, "fields": {"nome": "Murilo", "sobrenome": "Dias", "telefone": "+55 (051) 1251-3462", "email": "murilo@email.com", "data_criacao": "2022-11-11T12:57:03Z", "descricao": "Exercitationem eum aliquid possimus ea at.", "categoria": 3, "mostrar": true, "foto": ""}}, {"model": "contatos.contato", "pk": 86, "fields": {"nome": "Lucas", "sobrenome": "Rocha", "telefone": "(084) 1230 8440", "email": "lucas@email.com", "data_criacao": "2022-11-11T12:57:03Z", "descricao": "Placeat unde voluptate ducimus facilis adipisci quibusdam at.", "categoria": 2, "mostrar": true, "foto": ""}}, {"model": "contatos.contato", "pk": 87, "fields": {"nome": "Pedro Lucas", "sobrenome": "Campos", "telefone": "+55 (031) 8566-8206", "email": "pedro@email.com", "data_criacao": "2022-11-11T12:57:03Z", "descricao": "Quasi nemo ipsum laudantium.", "categoria": 1, "mostrar": true, "foto": ""}}, {"model": "contatos.contato", "pk": 88, "fields": {"nome": "Heitor", "sobrenome": "Ribeiro", "telefone": "+55 31 0313 1738", "email": "heitor@email.com", "data_criacao": "2022-11-11T12:57:03Z", "descricao": "Eaque ad earum voluptatem saepe excepturi exercitationem.", "categoria": 2, "mostrar": true, "foto": ""}}, {"model": "contatos.contato", "pk": 89, "fields": {"nome": "Henrique", "sobrenome": "Cavalcanti", "telefone": "(084) 1946-7294", "email": "henrique@email.com", "data_criacao": "2022-11-11T12:57:03Z", "descricao": "Eveniet sit earum molestiae soluta dolores magnam.", "categoria": 3, "mostrar": true, "foto": ""}}, {"model": "contatos.contato", "pk": 90, "fields": {"nome": "Yasmin", "sobrenome": "Teixeira", "telefone": "0500 800 7727", "email": "yasmin@email.com", "data_criacao": "2022-11-11T12:57:03Z", "descricao": "Sunt tenetur rem pariatur ipsum temporibus deserunt.", "categoria": 3, "mostrar": true, "foto": ""}}, {"model": "contatos.contato", "pk": 91, "fields": {"nome": "Luiz Miguel", "sobrenome": "Almeida", "telefone": "0300-773-6231", "email": "luiz@email.com", "data_criacao": "2022-11-11T12:57:03Z", "descricao": "Odio reprehenderit similique eum.", "categoria": 1, "mostrar": true, "foto": ""}}, {"model": "contatos.contato", "pk": 92, "fields": {"nome": "Vitor Gabriel", "sobrenome": "Freitas", "telefone": "0900-968-1099", "email": "vitor@email.com", "data_criacao": "2022-11-11T12:57:03Z", "descricao": "Et iure debitis at quas.", "categoria": 1, "mostrar": true, "foto": ""}}, {"model": "contatos.contato", "pk": 93, "fields": {"nome": "Marcos Vinicius", "sobrenome": "Carvalho", "telefone": "+55 (021) 9448 8659", "email": "marcos@email.com", "data_criacao": "2022-11-11T12:57:03Z", "descricao": "Quos voluptatem rerum.", "categoria": 3, "mostrar": true, "foto": ""}}, {"model": "contatos.contato", "pk": 94, "fields": {"nome": "Alexia", "sobrenome": "Moreira", "telefone": "+55 (071) 4051 8719", "email": "alexia@email.com", "data_criacao": "2022-11-11T12:57:03Z", "descricao": "Fugit quidem veniam ipsam totam quis.", "categoria": 1, "mostrar": true, "foto": ""}}, {"model": "contatos.contato", "pk": 95, "fields": {"nome": "Gabriel", "sobrenome": "Dias", "telefone": "(021) 1280-5202", "email": "gabriel@email.com", "data_criacao": "2022-11-11T12:57:03Z", "descricao": "Enim facere ut eveniet neque.", "categoria": 3, "mostrar": true, "foto": ""}}, {"model": "contatos.contato", "pk": 96, "fields": {"nome": "Ana", "sobrenome": "Rocha", "telefone": "+55 (084) 7481-4196", "email": "ana@email.com", "data_criacao": "2022-11-11T12:57:03Z", "descricao": "Atque autem exercitationem et delectus pariatur.", "categoria": 1, "mostrar": true, "foto": ""}}, {"model": "contatos.contato", "pk": 97, "fields": {"nome": "Beatriz", "sobrenome": "Ribeiro", "telefone": "(031) 4974-0793", "email": "beatriz@email.com", "data_criacao": "2022-11-11T12:57:03Z", "descricao": "Itaque voluptates dignissimos nesciunt iure odio tempore veritatis.", "categoria": 1, "mostrar": true, "foto": ""}}, {"model": "contatos.contato", "pk": 98, "fields": {"nome": "Yago", "sobrenome": "Costa", "telefone": "61 8472 9259", "email": "yago@email.com", "data_criacao": "2022-11-11T12:57:03Z", "descricao": "Sapiente reprehenderit nam doloribus ad.", "categoria": 1, "mostrar": true, "foto": ""}}, {"model": "contatos.contato", "pk": 99, "fields": {"nome": "Bernardo", "sobrenome": "Viana", "telefone": "+55 84 7287 5015", "email": "bernardo@email.com", "data_criacao": "2022-11-11T12:57:03Z", "descricao": "Doloribus aut atque.", "categoria": 1, "mostrar": true, "foto": ""}}, {"model": "contatos.contato", "pk": 100, "fields": {"nome": "Helo\u00edsa", "sobrenome": "Carvalho", "telefone": "11 1705-8352", "email": "helo\u00edsa@email.com", "data_criacao": "2022-11-11T12:57:03Z", "descricao": "At quas perspiciatis.", "categoria": 3, "mostrar": true, "foto": ""}}, {"model": "contatos.contato", "pk": 101, "fields": {"nome": "Isabella", "sobrenome": "Moreira", "telefone": "(081) 7692 2498", "email": "isabella@email.com", "data_criacao": "2022-11-11T12:57:03Z", "descricao": "Maxime rerum cum vitae deserunt.", "categoria": 3, "mostrar": true, "foto": ""}}, {"model": "contatos.contato", "pk": 102, "fields": {"nome": "Ana Beatriz", "sobrenome": "Ramos", "telefone": "(061) 6286 6509", "email": "ana@email.com", "data_criacao": "2022-11-11T12:57:03Z", "descricao": "Hic nam sunt minus minus soluta eius incidunt.", "categoria": 1, "mostrar": true, "foto": ""}}, {"model": "contatos.contato", "pk": 103, "fields": {"nome": "Sophie", "sobrenome": "Fernandes", "telefone": "+55 61 9350 6538", "email": "sophie@email.com", "data_criacao": "2022-11-11T12:57:03Z", "descricao": "Beatae perferendis minus atque eius voluptatibus.", "categoria": 2, "mostrar": true, "foto": ""}}, {"model": "contatos.contato", "pk": 104, "fields": {"nome": "Ben\u00edcio", "sobrenome": "da Rosa", "telefone": "61 2593-7553", "email": "ben\u00edcio@email.com", "data_criacao": "2022-11-11T12:57:03Z", "descricao": "Nisi officia optio necessitatibus ea est.", "categoria": 2, "mostrar": true, "foto": ""}}, {"model": "contatos.contato", "pk": 105, "fields": {"nome": "Luiza", "sobrenome": "Castro", "telefone": "+55 (081) 5787-8433", "email": "luiza@email.com", "data_criacao": "2022-11-11T12:57:03Z", "descricao": "Fugiat recusandae quas maiores blanditiis.", "categoria": 1, "mostrar": true, "foto": ""}}, {"model": "contatos.contato", "pk": 106, "fields": {"nome": "Ana Carolina", "sobrenome": "Moreira", "telefone": "81 4039-1180", "email": "ana@email.com", "data_criacao": "2022-11-11T12:57:03Z", "descricao": "Ullam mollitia esse.", "categoria": 1, "mostrar": true, "foto": ""}}, {"model": "contatos.contato", "pk": 107, "fields": {"nome": "Giovanna", "sobrenome": "Gon\u00e7alves", "telefone": "+55 (061) 7378 5119", "email": "giovanna@email.com", "data_criacao": "2022-11-11T12:57:03Z", "descricao": "Odit molestias voluptate atque.", "categoria": 1, "mostrar": true, "foto": ""}}, {"model": "contatos.contato", "pk": 108, "fields": {"nome": "Milena", "sobrenome": "Moreira", "telefone": "+55 (031) 6277-3122", "email": "milena@email.com", "data_criacao": "2022-11-11T12:57:03Z", "descricao": "Tempora doloremque soluta facilis rem quidem.", "categoria": 2, "mostrar": true, "foto": ""}}, {"model": "contatos.contato", "pk": 109, "fields": {"nome": "Lucas Gabriel", "sobrenome": "da Rocha", "telefone": "+55 51 6776 8698", "email": "lucas@email.com", "data_criacao": "2022-11-11T12:57:03Z", "descricao": "Labore est nobis tenetur eius aliquid.", "categoria": 2, "mostrar": true, "foto": ""}}, {"model": "contatos.contato", "pk": 110, "fields": {"nome": "Cec\u00edlia", "sobrenome": "Costa", "telefone": "0500 694 1869", "email": "cec\u00edlia@email.com", "data_criacao": "2022-11-11T12:57:03Z", "descricao": "Dolore nobis perspiciatis nobis.", "categoria": 2, "mostrar": true, "foto": ""}}, {"model": "contatos.contato", "pk": 111, "fields": {"nome": "Camila", "sobrenome": "da Luz", "telefone": "+55 81 4829-9894", "email": "camila@email.com", "data_criacao": "2022-11-11T12:57:03Z", "descricao": "Voluptas eum voluptatem.", "categoria": 3, "mostrar": true, "foto": ""}}, {"model": "contatos.contato", "pk": 112, "fields": {"nome": "Paulo", "sobrenome": "Foga\u00e7a", "telefone": "+55 31 8141 0332", "email": "paulo@email.com", "data_criacao": "2022-11-11T12:57:03Z", "descricao": "Reiciendis esse itaque quibusdam odit quam delectus tempore.", "categoria": 2, "mostrar": true, "foto": ""}}, {"model": "contatos.contato", "pk": 113, "fields": {"nome": "Sophie", "sobrenome": "Azevedo", "telefone": "84 6543 1189", "email": "sophie@email.com", "data_criacao": "2022-11-11T12:57:03Z", "descricao": "Voluptates aut voluptate explicabo.", "categoria": 3, "mostrar": true, "foto": ""}}, {"model": "contatos.contato", "pk": 114, "fields": {"nome": "Rafael", "sobrenome": "Silva", "telefone": "+55 84 0343 2537", "email": "rafael@email.com", "data_criacao": "2022-11-11T12:57:03Z", "descricao": "Molestiae officia qui molestiae.", "categoria": 2, "mostrar": true, "foto": ""}}, {"model": "contatos.contato", "pk": 115, "fields": {"nome": "Julia", "sobrenome": "da Mota", "telefone": "+55 21 3727 9076", "email": "julia@email.com", "data_criacao": "2022-11-11T12:57:03Z", "descricao": "Et ea corporis hic cupiditate.", "categoria": 2, "mostrar": true, "foto": ""}}, {"model": "contatos.contato", "pk": 116, "fields": {"nome": "Juliana", "sobrenome": "Rezende", "telefone": "51 4625 1099", "email": "juliana@email.com", "data_criacao": "2022-11-11T12:57:03Z", "descricao": "Corporis rem neque sed distinctio.", "categoria": 2, "mostrar": true, "foto": ""}}, {"model": "contatos.contato", "pk": 117, "fields": {"nome": "Raquel", "sobrenome": "Pires", "telefone": "21 1730 5200", "email": "raquel@email.com", "data_criacao": "2022-11-11T12:57:03Z", "descricao": "Consequatur excepturi ipsum.", "categoria": 2, "mostrar": true, "foto": ""}}, {"model": "contatos.contato", "pk": 118, "fields": {"nome": "Lorenzo", "sobrenome": "Moreira", "telefone": "0900 059 9502", "email": "lorenzo@email.com", "data_criacao": "2022-11-11T12:57:03Z", "descricao": "Adipisci quas quam recusandae sit harum.", "categoria": 1, "mostrar": true, "foto": ""}}, {"model": "contatos.contato", "pk": 119, "fields": {"nome": "Pietra", "sobrenome": "Gon\u00e7alves", "telefone": "+55 (031) 9035 3187", "email": "pietra@email.com", "data_criacao": "2022-11-11T12:57:03Z", "descricao": "Necessitatibus voluptatibus placeat reprehenderit perferendis quibusdam cupiditate.", "categoria": 2, "mostrar": true, "foto": ""}}, {"model": "contatos.contato", "pk": 120, "fields": {"nome": "Alexandre", "sobrenome": "Novaes", "telefone": "+55 11 8848-2735", "email": "alexandre@email.com", "data_criacao": "2022-11-11T12:57:03Z", "descricao": "Maiores maiores voluptate nihil.", "categoria": 2, "mostrar": true, "foto": ""}}, {"model": "contatos.contato", "pk": 121, "fields": {"nome": "Ben\u00edcio", "sobrenome": "Cavalcanti", "telefone": "(061) 9974 8342", "email": "ben\u00edcio@email.com", "data_criacao": "2022-11-11T12:57:03Z", "descricao": "Voluptatem quaerat necessitatibus quaerat.", "categoria": 1, "mostrar": true, "foto": ""}}, {"model": "contatos.contato", "pk": 122, "fields": {"nome": "Ot\u00e1vio", "sobrenome": "da Cunha", "telefone": "+55 (081) 6516-2992", "email": "ot\u00e1vio@email.com", "data_criacao": "2022-11-11T12:57:03Z", "descricao": "Id autem sint quo.", "categoria": 1, "mostrar": true, "foto": ""}}, {"model": "contatos.contato", "pk": 123, "fields": {"nome": "Maria Luiza", "sobrenome": "Nascimento", "telefone": "+55 41 8212 9069", "email": "maria@email.com", "data_criacao": "2022-11-11T12:57:03Z", "descricao": "Quisquam voluptatem fugit reprehenderit odio iste nisi.", "categoria": 2, "mostrar": true, "foto": ""}}, {"model": "contatos.contato", "pk": 124, "fields": {"nome": "Mariana", "sobrenome": "Nunes", "telefone": "+55 84 4041 9242", "email": "mariana@email.com", "data_criacao": "2022-11-11T12:57:03Z", "descricao": "Possimus suscipit hic.", "categoria": 3, "mostrar": true, "foto": ""}}, {"model": "contatos.contato", "pk": 125, "fields": {"nome": "Jo\u00e3o Guilherme", "sobrenome": "Barbosa", "telefone": "41 1339 4385", "email": "jo\u00e3o@email.com", "data_criacao": "2022-11-11T12:57:03Z", "descricao": "Et suscipit deserunt.", "categoria": 1, "mostrar": true, "foto": ""}}, {"model": "contatos.contato", "pk": 126, "fields": {"nome": "Ana Julia", "sobrenome": "das Neves", "telefone": "(011) 3495 3410", "email": "ana@email.com", "data_criacao": "2022-11-11T12:57:03Z", "descricao": "Amet quidem pariatur quibusdam itaque rem.", "categoria": 2, "mostrar": true, "foto": ""}}, {"model": "contatos.contato", "pk": 127, "fields": {"nome": "Nathan", "sobrenome": "da Rosa", "telefone": "41 8194-7537", "email": "nathan@email.com", "data_criacao": "2022-11-11T12:57:03Z", "descricao": "Tempore minus at earum.", "categoria": 1, "mostrar": true, "foto": ""}}, {"model": "contatos.contato", "pk": 128, "fields": {"nome": "Thales", "sobrenome": "Ribeiro", "telefone": "84 1099-3723", "email": "thales@email.com", "data_criacao": "2022-11-11T12:57:03Z", "descricao": "Neque quaerat beatae laudantium molestias totam.", "categoria": 1, "mostrar": true, "foto": ""}}, {"model": "contatos.contato", "pk": 129, "fields": {"nome": "Carolina", "sobrenome": "Costa", "telefone": "11 0678-5237", "email": "carolina@email.com", "data_criacao": "2022-11-11T12:57:03Z", "descricao": "Itaque ducimus quos quidem expedita quis.", "categoria": 2, "mostrar": true, "foto": ""}}, {"model": "contatos.contato", "pk": 130, "fields": {"nome": "Ot\u00e1vio", "sobrenome": "Santos", "telefone": "11 3942 8312", "email": "ot\u00e1vio@email.com", "data_criacao": "2022-11-11T12:57:03Z", "descricao": "Soluta illo exercitationem nam totam.", "categoria": 1, "mostrar": true, "foto": ""}}, {"model": "contatos.contato", "pk": 131, "fields": {"nome": "Giovanna", "sobrenome": "Duarte", "telefone": "+55 (051) 5785-7991", "email": "giovanna@email.com", "data_criacao": "2022-11-11T12:57:03Z", "descricao": "Quisquam pariatur suscipit ipsam ut.", "categoria": 3, "mostrar": true, "foto": ""}}, {"model": "contatos.contato", "pk": 132, "fields": {"nome": "Francisco", "sobrenome": "Azevedo", "telefone": "84 6832 3076", "email": "francisco@email.com", "data_criacao": "2022-11-11T12:57:03Z", "descricao": "Dolor molestiae rerum dolorem ut deserunt.", "categoria": 1, "mostrar": true, "foto": ""}}, {"model": "contatos.contato", "pk": 133, "fields": {"nome": "Pedro Miguel", "sobrenome": "Silva", "telefone": "(021) 2187-8297", "email": "pedro@email.com", "data_criacao": "2022-11-11T12:57:03Z", "descricao": "Earum necessitatibus ab eligendi.", "categoria": 2, "mostrar": true, "foto": ""}}, {"model": "contatos.contato", "pk": 134, "fields": {"nome": "Clara", "sobrenome": "Correia", "telefone": "31 8740-7136", "email": "clara@email.com", "data_criacao": "2022-11-11T12:57:03Z", "descricao": "Incidunt blanditiis id totam enim sed aspernatur.", "categoria": 1, "mostrar": true, "foto": ""}}, {"model": "contatos.contato", "pk": 135, "fields": {"nome": "Ana Beatriz", "sobrenome": "Moreira", "telefone": "(011) 2397-8034", "email": "ana@email.com", "data_criacao": "2022-11-11T12:57:03Z", "descricao": "Vero magni culpa mollitia illo iste.", "categoria": 1, "mostrar": true, "foto": ""}}, {"model": "contatos.contato", "pk": 136, "fields": {"nome": "L\u00edvia", "sobrenome": "da Cunha", "telefone": "(011) 7651-8425", "email": "l\u00edvia@email.com", "data_criacao": "2022-11-11T12:57:03Z", "descricao": "Accusantium assumenda architecto eum ut aliquam numquam.", "categoria": 2, "mostrar": true, "foto": ""}}, {"model": "contatos.contato", "pk": 137, "fields": {"nome": "Diogo", "sobrenome": "da Costa", "telefone": "+55 (011) 7388-9984", "email": "diogo@email.com", "data_criacao": "2022-11-11T12:57:03Z", "descricao": "Ad veritatis error totam explicabo at fugit.", "categoria": 3, "mostrar": true, "foto": ""}}, {"model": "contatos.contato", "pk": 138, "fields": {"nome": "Caio", "sobrenome": "Jesus", "telefone": "81 3857-3165", "email": "caio@email.com", "data_criacao": "2022-11-11T12:57:03Z", "descricao": "Iusto maiores nemo doloribus aperiam.", "categoria": 3, "mostrar": true, "foto": ""}}, {"model": "contatos.contato", "pk": 139, "fields": {"nome": "Carolina", "sobrenome": "Nascimento", "telefone": "+55 81 5777-8505", "email": "carolina@email.com", "data_criacao": "2022-11-11T12:57:03Z", "descricao": "Cumque impedit sit voluptates.", "categoria": 2, "mostrar": true, "foto": ""}}, {"model": "contatos.contato", "pk": 140, "fields": {"nome": "Danilo", "sobrenome": "Caldeira", "telefone": "41 7245-5374", "email": "danilo@email.com", "data_criacao": "2022-11-11T12:57:03Z", "descricao": "Rem vero maxime reprehenderit.", "categoria": 1, "mostrar": true, "foto": ""}}, {"model": "contatos.contato", "pk": 141, "fields": {"nome": "Sophie", "sobrenome": "Pinto", "telefone": "+55 (021) 9801-7652", "email": "sophie@email.com", "data_criacao": "2022-11-11T12:57:03Z", "descricao": "Officia excepturi voluptatum quibusdam asperiores tempore corporis.", "categoria": 1, "mostrar": true, "foto": ""}}, {"model": "contatos.contato", "pk": 142, "fields": {"nome": "Luna", "sobrenome": "Santos", "telefone": "0300-351-2285", "email": "luna@email.com", "data_criacao": "2022-11-11T12:57:03Z", "descricao": "Quo unde maxime beatae repudiandae atque dicta.", "categoria": 2, "mostrar": true, "foto": ""}}, {"model": "contatos.contato", "pk": 143, "fields": {"nome": "Murilo", "sobrenome": "da Costa", "telefone": "0300-837-0289", "email": "murilo@email.com", "data_criacao": "2022-11-11T12:57:03Z", "descricao": "Nobis odit suscipit commodi.", "categoria": 2, "mostrar": true, "foto": ""}}, {"model": "contatos.contato", "pk": 144, "fields": {"nome": "Yuri", "sobrenome": "Vieira", "telefone": "0500-146-2857", "email": "yuri@email.com", "data_criacao": "2022-11-11T12:57:03Z", "descricao": "Non eius voluptas porro harum laboriosam error.", "categoria": 1, "mostrar": true, "foto": ""}}, {"model": "contatos.contato", "pk": 145, "fields": {"nome": "Let\u00edcia", "sobrenome": "Ara\u00fajo", "telefone": "+55 (011) 6397 4836", "email": "let\u00edcia@email.com", "data_criacao": "2022-11-11T12:57:03Z", "descricao": "Dolores doloremque libero est dolore maiores.", "categoria": 1, "mostrar": true, "foto": ""}}, {"model": "contatos.contato", "pk": 146, "fields": {"nome": "Cau\u00e3", "sobrenome": "Fernandes", "telefone": "41 9592-1461", "email": "cau\u00e3@email.com", "data_criacao": "2022-11-11T12:57:03Z", "descricao": "Nobis iusto nesciunt ullam.", "categoria": 1, "mostrar": true, "foto": ""}}, {"model": "contatos.contato", "pk": 147, "fields": {"nome": "Breno", "sobrenome": "Novaes", "telefone": "41 6692 7269", "email": "breno@email.com", "data_criacao": "2022-11-11T12:57:03Z", "descricao": "Ipsam cupiditate expedita consequuntur harum distinctio.", "categoria": 3, "mostrar": true, "foto": ""}}, {"model": "contatos.contato", "pk": 148, "fields": {"nome": "Ana Carolina", "sobrenome": "da Cruz", "telefone": "+55 84 7480-8583", "email": "ana@email.com", "data_criacao": "2022-11-11T12:57:03Z", "descricao": "Mollitia at debitis voluptatem culpa dicta cumque.", "categoria": 3, "mostrar": true, "foto": ""}}, {"model": "contatos.contato", "pk": 149, "fields": {"nome": "Ot\u00e1vio", "sobrenome": "Martins", "telefone": "(031) 5995 0115", "email": "ot\u00e1vio@email.com", "data_criacao": "2022-11-11T12:57:03Z", "descricao": "Reiciendis eligendi nulla deleniti at beatae consectetur.", "categoria": 1, "mostrar": true, "foto": ""}}, {"model": "contatos.contato", "pk": 150, "fields": {"nome": "Vit\u00f3ria", "sobrenome": "Moraes", "telefone": "+55 61 6142-6870", "email": "vit\u00f3ria@email.com", "data_criacao": "2022-11-11T12:57:03Z", "descricao": "Eveniet natus nemo beatae.", "categoria": 2, "mostrar": true, "foto": ""}}, {"model": "contatos.contato", "pk": 151, "fields": {"nome": "Ana Vit\u00f3ria", "sobrenome": "Dias", "telefone": "+55 11 9797-0003", "email": "ana@email.com", "data_criacao": "2022-11-11T12:57:03Z", "descricao": "Aut reiciendis temporibus dolorem error et perferendis.", "categoria": 1, "mostrar": true, "foto": ""}}, {"model": "contatos.contato", "pk": 152, "fields": {"nome": "Ana Julia", "sobrenome": "Costela", "telefone": "(021) 3584 9282", "email": "ana@email.com", "data_criacao": "2022-11-11T12:57:03Z", "descricao": "Nulla fugiat labore voluptates.", "categoria": 1, "mostrar": true, "foto": ""}}, {"model": "contatos.contato", "pk": 153, "fields": {"nome": "Catarina", "sobrenome": "da Paz", "telefone": "51 6584 3941", "email": "catarina@email.com", "data_criacao": "2022-11-11T12:57:03Z", "descricao": "Dicta veritatis perferendis deleniti esse cum quis.", "categoria": 2, "mostrar": true, "foto": ""}}, {"model": "contatos.contato", "pk": 154, "fields": {"nome": "Maria Alice", "sobrenome": "Duarte", "telefone": "0900 254 7509", "email": "maria@email.com", "data_criacao": "2022-11-11T12:57:03Z", "descricao": "Alias quam dolorum nihil tempore dignissimos ratione.", "categoria": 3, "mostrar": true, "foto": ""}}, {"model": "contatos.contato", "pk": 155, "fields": {"nome": "Maria Alice", "sobrenome": "Alves", "telefone": "81 4080 1313", "email": "maria@email.com", "data_criacao": "2022-11-11T12:57:03Z", "descricao": "Numquam nemo suscipit totam.", "categoria": 2, "mostrar": true, "foto": ""}}, {"model": "contatos.contato", "pk": 156, "fields": {"nome": "Mariana", "sobrenome": "Azevedo", "telefone": "71 6443-3696", "email": "mariana@email.com", "data_criacao": "2022-11-11T12:57:03Z", "descricao": "Ab alias temporibus soluta numquam cumque non.", "categoria": 2, "mostrar": true, "foto": ""}}, {"model": "contatos.contato", "pk": 157, "fields": {"nome": "La\u00eds", "sobrenome": "Nogueira", "telefone": "21 3414 0265", "email": "la\u00eds@email.com", "data_criacao": "2022-11-11T12:57:03Z", "descricao": "Id cumque aperiam.", "categoria": 2, "mostrar": true, "foto": ""}}, {"model": "contatos.contato", "pk": 158, "fields": {"nome": "Luana", "sobrenome": "Gomes", "telefone": "+55 (081) 5141 0656", "email": "luana@email.com", "data_criacao": "2022-11-11T12:57:03Z", "descricao": "Debitis animi blanditiis molestias modi impedit perspiciatis.", "categoria": 1, "mostrar": true, "foto": ""}}, {"model": "contatos.contato", "pk": 159, "fields": {"nome": "Amanda", "sobrenome": "Souza", "telefone": "51 6410 2500", "email": "amanda@email.com", "data_criacao": "2022-11-11T12:57:03Z", "descricao": "Cupiditate eum officia incidunt.", "categoria": 1, "mostrar": true, "foto": ""}}, {"model": "contatos.contato", "pk": 160, "fields": {"nome": "Vit\u00f3ria", "sobrenome": "Gon\u00e7alves", "telefone": "(011) 7213 0014", "email": "vit\u00f3ria@email.com", "data_criacao": "2022-11-11T12:57:03Z", "descricao": "Itaque repudiandae rem aliquam expedita.", "categoria": 3, "mostrar": true, "foto": ""}}, {"model": "contatos.contato", "pk": 161, "fields": {"nome": "Cau\u00e3", "sobrenome": "Costa", "telefone": "+55 61 9270 7777", "email": "cau\u00e3@email.com", "data_criacao": "2022-11-11T12:57:03Z", "descricao": "Quasi repellendus minus cupiditate vel laudantium fugit.", "categoria": 3, "mostrar": true, "foto": ""}}, {"model": "contatos.contato", "pk": 162, "fields": {"nome": "Bianca", "sobrenome": "Cardoso", "telefone": "0500-830-3817", "email": "bianca@email.com", "data_criacao": "2022-11-11T12:57:03Z", "descricao": "Repellat unde illum cum impedit et nobis.", "categoria": 1, "mostrar": true, "foto": ""}}, {"model": "contatos.contato", "pk": 163, "fields": {"nome": "Davi", "sobrenome": "Cardoso", "telefone": "+55 31 6248-6600", "email": "davi@email.com", "data_criacao": "2022-11-11T12:57:03Z", "descricao": "Numquam soluta nostrum repudiandae voluptatum non deserunt.", "categoria": 2, "mostrar": true, "foto": ""}}, {"model": "contatos.contato", "pk": 164, "fields": {"nome": "Kamilly", "sobrenome": "Sales", "telefone": "+55 81 9236-3788", "email": "kamilly@email.com", "data_criacao": "2022-11-11T12:57:03Z", "descricao": "Reprehenderit sit vitae et.", "categoria": 2, "mostrar": true, "foto": ""}}, {"model": "contatos.contato", "pk": 165, "fields": {"nome": "Kaique", "sobrenome": "Melo", "telefone": "0800 917 2985", "email": "kaique@email.com", "data_criacao": "2022-11-11T12:57:03Z", "descricao": "Velit quaerat porro vitae distinctio cumque.", "categoria": 2, "mostrar": true, "foto": ""}}, {"model": "contatos.contato", "pk": 166, "fields": {"nome": "Bernardo", "sobrenome": "Jesus", "telefone": "(061) 7844 9384", "email": "bernardo@email.com", "data_criacao": "2022-11-11T12:57:03Z", "descricao": "Esse quo voluptas sequi tenetur aperiam rem.", "categoria": 2, "mostrar": true, "foto": ""}}, {"model": "contatos.contato", "pk": 167, "fields": {"nome": "Olivia", "sobrenome": "Cardoso", "telefone": "+55 21 9943 4269", "email": "olivia@email.com", "data_criacao": "2022-11-11T12:57:03Z", "descricao": "Sapiente id pariatur natus culpa accusamus.", "categoria": 3, "mostrar": true, "foto": ""}}, {"model": "contatos.contato", "pk": 168, "fields": {"nome": "Luiz Ot\u00e1vio", "sobrenome": "Moura", "telefone": "+55 84 8105 7841", "email": "luiz@email.com", "data_criacao": "2022-11-11T12:57:03Z", "descricao": "Voluptates aut exercitationem eos nemo reiciendis odit.", "categoria": 2, "mostrar": true, "foto": ""}}, {"model": "contatos.contato", "pk": 169, "fields": {"nome": "La\u00eds", "sobrenome": "Cardoso", "telefone": "(021) 9998-2244", "email": "la\u00eds@email.com", "data_criacao": "2022-11-11T12:57:03Z", "descricao": "Corrupti quibusdam temporibus sapiente cum error cupiditate.", "categoria": 2, "mostrar": true, "foto": ""}}, {"model": "contatos.contato", "pk": 170, "fields": {"nome": "Cau\u00e3", "sobrenome": "Caldeira", "telefone": "81 8895 6750", "email": "cau\u00e3@email.com", "data_criacao": "2022-11-11T12:57:03Z", "descricao": "Animi quibusdam nostrum culpa.", "categoria": 3, "mostrar": true, "foto": ""}}, {"model": "contatos.contato", "pk": 171, "fields": {"nome": "Luiz Felipe", "sobrenome": "Nunes", "telefone": "+55 (051) 0104 6528", "email": "luiz@email.com", "data_criacao": "2022-11-11T12:57:03Z", "descricao": "Quis aperiam rem beatae minus reprehenderit.", "categoria": 3, "mostrar": true, "foto": ""}}, {"model": "contatos.contato", "pk": 172, "fields": {"nome": "Danilo", "sobrenome": "da Rocha", "telefone": "+55 41 2087 3995", "email": "danilo@email.com", "data_criacao": "2022-11-11T12:57:03Z", "descricao": "Aut cumque dignissimos dolores sunt est.", "categoria": 2, "mostrar": true, "foto": ""}}, {"model": "contatos.contato", "pk": 173, "fields": {"nome": "Leandro", "sobrenome": "Jesus", "telefone": "+55 (071) 4950-3175", "email": "leandro@email.com", "data_criacao": "2022-11-11T12:57:03Z", "descricao": "Aliquid aperiam sit modi.", "categoria": 1, "mostrar": true, "foto": ""}}, {"model": "contatos.contato", "pk": 174, "fields": {"nome": "Ana Laura", "sobrenome": "Teixeira", "telefone": "+55 84 3036-9694", "email": "ana@email.com", "data_criacao": "2022-11-11T12:57:03Z", "descricao": "Itaque nostrum mollitia dolor vel.", "categoria": 3, "mostrar": true, "foto": ""}}, {"model": "contatos.contato", "pk": 175, "fields": {"nome": "Laura", "sobrenome": "Duarte", "telefone": "71 2016-0100", "email": "laura@email.com", "data_criacao": "2022-11-11T12:57:03Z", "descricao": "Repudiandae ad illo ipsum reiciendis earum.", "categoria": 1, "mostrar": true, "foto": ""}}, {"model": "contatos.contato", "pk": 176, "fields": {"nome": "Isabelly", "sobrenome": "Novaes", "telefone": "(051) 9684-1012", "email": "isabelly@email.com", "data_criacao": "2022-11-11T12:57:03Z", "descricao": "Deserunt rerum iusto sapiente sed.", "categoria": 1, "mostrar": true, "foto": ""}}, {"model": "contatos.contato", "pk": 177, "fields": {"nome": "Ana Clara", "sobrenome": "da Cunha", "telefone": "(081) 8646 8258", "email": "ana@email.com", "data_criacao": "2022-11-11T12:57:03Z", "descricao": "Laudantium autem reprehenderit mollitia.", "categoria": 1, "mostrar": true, "foto": ""}}, {"model": "contatos.contato", "pk": 178, "fields": {"nome": "Luiza", "sobrenome": "Silveira", "telefone": "(011) 9358 2501", "email": "luiza@email.com", "data_criacao": "2022-11-11T12:57:03Z", "descricao": "Reiciendis necessitatibus laudantium dignissimos quisquam.", "categoria": 3, "mostrar": true, "foto": ""}}, {"model": "contatos.contato", "pk": 179, "fields": {"nome": "Vitor Hugo", "sobrenome": "Monteiro", "telefone": "61 8481-6080", "email": "vitor@email.com", "data_criacao": "2022-11-11T12:57:03Z", "descricao": "Sit aliquam natus eveniet sequi inventore molestias expedita.", "categoria": 2, "mostrar": true, "foto": ""}}, {"model": "contatos.contato", "pk": 180, "fields": {"nome": "Erick", "sobrenome": "da Mota", "telefone": "51 8873 5451", "email": "erick@email.com", "data_criacao": "2022-11-11T12:57:03Z", "descricao": "Cum sed occaecati error maxime recusandae.", "categoria": 3, "mostrar": true, "foto": ""}}, {"model": "contatos.contato", "pk": 181, "fields": {"nome": "Jo\u00e3o", "sobrenome": "Silveira", "telefone": "0800 509 0329", "email": "jo\u00e3o@email.com", "data_criacao": "2022-11-11T12:57:03Z", "descricao": "Dolore nesciunt aspernatur voluptate.", "categoria": 3, "mostrar": true, "foto": ""}}, {"model": "contatos.contato", "pk": 182, "fields": {"nome": "Manuela", "sobrenome": "Silveira", "telefone": "(071) 3461 5580", "email": "manuela@email.com", "data_criacao": "2022-11-11T12:57:03Z", "descricao": "Iusto vel consequatur suscipit nostrum eum sapiente est.", "categoria": 2, "mostrar": true, "foto": ""}}, {"model": "contatos.contato", "pk": 183, "fields": {"nome": "Daniel", "sobrenome": "Fernandes", "telefone": "(041) 3505 4181", "email": "daniel@email.com", "data_criacao": "2022-11-11T12:57:03Z", "descricao": "Pariatur aspernatur quidem rem sequi et.", "categoria": 3, "mostrar": true, "foto": ""}}, {"model": "contatos.contato", "pk": 184, "fields": {"nome": "Catarina", "sobrenome": "Pires", "telefone": "+55 (011) 8757 9496", "email": "catarina@email.com", "data_criacao": "2022-11-11T12:57:03Z", "descricao": "Et soluta facilis aliquam iusto.", "categoria": 2, "mostrar": true, "foto": ""}}, {"model": "contatos.contato", "pk": 185, "fields": {"nome": "Jo\u00e3o Pedro", "sobrenome": "Moura", "telefone": "(081) 5158 8581", "email": "jo\u00e3o@email.com", "data_criacao": "2022-11-11T12:57:03Z", "descricao": "Autem consequuntur quia molestiae repellat neque.", "categoria": 1, "mostrar": true, "foto": ""}}, {"model": "contatos.contato", "pk": 186, "fields": {"nome": "Leandro", "sobrenome": "Lima", "telefone": "+55 (061) 5172-1985", "email": "leandro@email.com", "data_criacao": "2022-11-11T12:57:03Z", "descricao": "Magni soluta maiores ipsam nulla et doloribus.", "categoria": 3, "mostrar": true, "foto": ""}}, {"model": "contatos.contato", "pk": 187, "fields": {"nome": "Jo\u00e3o Vitor", "sobrenome": "Duarte", "telefone": "+55 (031) 7955 3907", "email": "jo\u00e3o@email.com", "data_criacao": "2022-11-11T12:57:03Z", "descricao": "Saepe corrupti quod eum.", "categoria": 2, "mostrar": true, "foto": ""}}, {"model": "contatos.contato", "pk": 188, "fields": {"nome": "Jo\u00e3o Pedro", "sobrenome": "Arag\u00e3o", "telefone": "+55 71 3218-0021", "email": "jo\u00e3o@email.com", "data_criacao": "2022-11-11T12:57:03Z", "descricao": "Ipsum consequatur temporibus architecto.", "categoria": 2, "mostrar": true, "foto": ""}}, {"model": "contatos.contato", "pk": 189, "fields": {"nome": "Mariana", "sobrenome": "Pires", "telefone": "+55 51 2875 1336", "email": "mariana@email.com", "data_criacao": "2022-11-11T12:57:03Z", "descricao": "Quas eligendi error iure.", "categoria": 3, "mostrar": true, "foto": ""}}, {"model": "contatos.contato", "pk": 190, "fields": {"nome": "Helo\u00edsa", "sobrenome": "Oliveira", "telefone": "31 5819 4517", "email": "helo\u00edsa@email.com", "data_criacao": "2022-11-11T12:57:03Z", "descricao": "Repudiandae aliquid maxime in rerum asperiores perferendis.", "categoria": 1, "mostrar": true, "foto": ""}}, {"model": "contatos.contato", "pk": 191, "fields": {"nome": "Augusto", "sobrenome": "Farias", "telefone": "11 4574-6612", "email": "augusto@email.com", "data_criacao": "2022-11-11T12:57:03Z", "descricao": "Excepturi ipsa occaecati perspiciatis.", "categoria": 3, "mostrar": true, "foto": ""}}, {"model": "contatos.contato", "pk": 192, "fields": {"nome": "Laura", "sobrenome": "Moura", "telefone": "0300-897-3116", "email": "laura@email.com", "data_criacao": "2022-11-11T12:57:03Z", "descricao": "Assumenda minus possimus doloribus maxime ipsam explicabo.", "categoria": 3, "mostrar": true, "foto": ""}}, {"model": "contatos.contato", "pk": 193, "fields": {"nome": "Nicole", "sobrenome": "Pereira", "telefone": "0500-185-9643", "email": "nicole@email.com", "data_criacao": "2022-11-11T12:57:03Z", "descricao": "Repellendus corrupti reiciendis aperiam ducimus porro reprehenderit.", "categoria": 1, "mostrar": true, "foto": ""}}, {"model": "contatos.contato", "pk": 194, "fields": {"nome": "Mariana", "sobrenome": "Nascimento", "telefone": "+55 (041) 6575-0354", "email": "mariana@email.com", "data_criacao": "2022-11-11T12:57:03Z", "descricao": "Soluta inventore quae corporis excepturi.", "categoria": 3, "mostrar": true, "foto": ""}}, {"model": "contatos.contato", "pk": 195, "fields": {"nome": "Sabrina", "sobrenome": "Castro", "telefone": "(021) 8172 5591", "email": "sabrina@email.com", "data_criacao": "2022-11-11T12:57:03Z", "descricao": "Incidunt iusto sequi maiores sit ea.", "categoria": 3, "mostrar": true, "foto": ""}}, {"model": "contatos.contato", "pk": 196, "fields": {"nome": "Raul", "sobrenome": "Costa", "telefone": "+55 (051) 6656 7338", "email": "raul@email.com", "data_criacao": "2022-11-11T12:57:03Z", "descricao": "Laboriosam laudantium vero quae quis pariatur nulla aspernatur.", "categoria": 2, "mostrar": true, "foto": ""}}, {"model": "contatos.contato", "pk": 197, "fields": {"nome": "Davi Luiz", "sobrenome": "Santos", "telefone": "+55 (081) 6487-6375", "email": "davi@email.com", "data_criacao": "2022-11-11T12:57:03Z", "descricao": "Maiores vero praesentium at.", "categoria": 1, "mostrar": true, "foto": ""}}, {"model": "contatos.contato", "pk": 198, "fields": {"nome": "Maria Sophia", "sobrenome": "Ramos", "telefone": "+55 61 5198-5470", "email": "maria@email.com", "data_criacao": "2022-11-11T12:57:03Z", "descricao": "Corporis qui quidem tempora debitis dolorem sapiente.", "categoria": 1, "mostrar": true, "foto": ""}}, {"model": "contatos.contato", "pk": 199, "fields": {"nome": "Clara", "sobrenome": "da Mata", "telefone": "71 1516 8106", "email": "clara@email.com", "data_criacao": "2022-11-11T12:57:03Z", "descricao": "Reprehenderit delectus dolore vero.", "categoria": 3, "mostrar": true, "foto": ""}}, {"model": "contatos.contato", "pk": 200, "fields": {"nome": "Fernando", "sobrenome": "Pinto", "telefone": "0800-923-1715", "email": "fernando@email.com", "data_criacao": "2022-11-11T12:57:03Z", "descricao": "Ullam magni adipisci non consequuntur.", "categoria": 2, "mostrar": true, "foto": ""}}, {"model": "contatos.contato", "pk": 201, "fields": {"nome": "Lara", "sobrenome": "Barbosa", "telefone": "+55 11 6277-6684", "email": "lara@email.com", "data_criacao": "2022-11-11T12:57:03Z", "descricao": "Necessitatibus ad perferendis laborum.", "categoria": 1, "mostrar": true, "foto": "fotos/2022/11/mother-g7c039774b_1920.jpg"}}, {"model": "contatos.contato", "pk": 202, "fields": {"nome": "Samuel", "sobrenome": "Nogueira", "telefone": "(051) 4796 4130", "email": "samuel@email.com", "data_criacao": "2022-11-11T12:57:03Z", "descricao": "Accusantium laboriosam maiores rerum esse animi veniam.", "categoria": 3, "mostrar": true, "foto": "fotos/2022/11/man-g2adb4f0f5_1280_IqfeNnw.jpg"}}, {"model": "contatos.contato", "pk": 203, "fields": {"nome": "Joana", "sobrenome": "Ferreira", "telefone": "+55 84 5496 5424", "email": "joana@email.com", "data_criacao": "2022-11-11T12:57:03Z", "descricao": "Odio nobis nam accusamus saepe omnis aut.", "categoria": 1, "mostrar": true, "foto": "fotos/2022/11/woman-g73de687f8_1920.jpg"}}, {"model": "contatos.contato", "pk": 204, "fields": {"nome": "Andr\u00e9", "sobrenome": "Costa", "telefone": "+55 (071) 4201-5669", "email": "andr\u00e9@email.com", "data_criacao": "2022-11-11T12:57:03Z", "descricao": "Sapiente laborum enim nobis.", "categoria": 3, "mostrar": true, "foto": "fotos/2022/11/man-g06de34e5f_1920_PNvPOiw.jpg"}}, {"model": "contatos.contato", "pk": 205, "fields": {"nome": "Robert", "sobrenome": "Plant", "telefone": "3433549210", "email": "ledzeppelin@email.com", "data_criacao": "2022-11-15T10:29:09Z", "descricao": "Vocalista da maior banda de todos os tempos.", "categoria": 2, "mostrar": true, "foto": "fotos/2022/11/robert-plant.jpg"}}, {"model": "contatos.contato", "pk": 206, "fields": {"nome": "Jimmy", "sobrenome": "Hendrix", "telefone": "4188773321", "email": "guitar@solo.com.br", "data_criacao": "2022-11-15T10:51:55Z", "descricao": "Simplesmente um dos deuses da guitarra.", "categoria": 3, "mostrar": true, "foto": "fotos/2022/11/jimi_hendrix_capa_MGIX4j3.jpg"}}, {"model": "contatos.contato", "pk": 207, "fields": {"nome": "Daniel", "sobrenome": "Furlan", "telefone": "31444443321", "email": "kombi@rodovia.com.br", "data_criacao": "2022-11-15T10:55:39Z", "descricao": "\"cr\u00edticas s\u00e3o cr\u00edticas, a gente reflete sobre elas e depois desconsidera totalmente\" - D. Furlan, Choque de Cultura.", "categoria": 1, "mostrar": true, "foto": "fotos/2022/11/24275275.jpg"}}, {"model": "auth.permission", "pk": 1, "fields": {"name": "Can add log entry", "content_type": 1, "codename": "add_logentry"}}, {"model": "auth.permission", "pk": 2, "fields": {"name": "Can change log entry", "content_type": 1, "codename": "change_logentry"}}, {"model": "auth.permission", "pk": 3, "fields": {"name": "Can delete log entry", "content_type": 1, "codename": "delete_logentry"}}, {"model": "auth.permission", "pk": 4, "fields": {"name": "Can view log entry", "content_type": 1, "codename": "view_logentry"}}, {"model": "auth.permission", "pk": 5, "fields": {"name": "Can add permission", "content_type": 2, "codename": "add_permission"}}, {"model": "auth.permission", "pk": 6, "fields": {"name": "Can change permission", "content_type": 2, "codename": "change_permission"}}, {"model": "auth.permission", "pk": 7, "fields": {"name": "Can delete permission", "content_type": 2, "codename": "delete_permission"}}, {"model": "auth.permission", "pk": 8, "fields": {"name": "Can view permission", "content_type": 2, "codename": "view_permission"}}, {"model": "auth.permission", "pk": 9, "fields": {"name": "Can add group", "content_type": 3, "codename": "add_group"}}, {"model": "auth.permission", "pk": 10, "fields": {"name": "Can change group", "content_type": 3, "codename": "change_group"}}, {"model": "auth.permission", "pk": 11, "fields": {"name": "Can delete group", "content_type": 3, "codename": "delete_group"}}, {"model": "auth.permission", "pk": 12, "fields": {"name": "Can view group", "content_type": 3, "codename": "view_group"}}, {"model": "auth.permission", "pk": 13, "fields": {"name": "Can add user", "content_type": 4, "codename": "add_user"}}, {"model": "auth.permission", "pk": 14, "fields": {"name": "Can change user", "content_type": 4, "codename": "change_user"}}, {"model": "auth.permission", "pk": 15, "fields": {"name": "Can delete user", "content_type": 4, "codename": "delete_user"}}, {"model": "auth.permission", "pk": 16, "fields": {"name": "Can view user", "content_type": 4, "codename": "view_user"}}, {"model": "auth.permission", "pk": 17, "fields": {"name": "Can add content type", "content_type": 5, "codename": "add_contenttype"}}, {"model": "auth.permission", "pk": 18, "fields": {"name": "Can change content type", "content_type": 5, "codename": "change_contenttype"}}, {"model": "auth.permission", "pk": 19, "fields": {"name": "Can delete content type", "content_type": 5, "codename": "delete_contenttype"}}, {"model": "auth.permission", "pk": 20, "fields": {"name": "Can view content type", "content_type": 5, "codename": "view_contenttype"}}, {"model": "auth.permission", "pk": 21, "fields": {"name": "Can add session", "content_type": 6, "codename": "add_session"}}, {"model": "auth.permission", "pk": 22, "fields": {"name": "Can change session", "content_type": 6, "codename": "change_session"}}, {"model": "auth.permission", "pk": 23, "fields": {"name": "Can delete session", "content_type": 6, "codename": "delete_session"}}, {"model": "auth.permission", "pk": 24, "fields": {"name": "Can view session", "content_type": 6, "codename": "view_session"}}, {"model": "auth.permission", "pk": 25, "fields": {"name": "Can add categoria", "content_type": 7, "codename": "add_categoria"}}, {"model": "auth.permission", "pk": 26, "fields": {"name": "Can change categoria", "content_type": 7, "codename": "change_categoria"}}, {"model": "auth.permission", "pk": 27, "fields": {"name": "Can delete categoria", "content_type": 7, "codename": "delete_categoria"}}, {"model": "auth.permission", "pk": 28, "fields": {"name": "Can view categoria", "content_type": 7, "codename": "view_categoria"}}, {"model": "auth.permission", "pk": 29, "fields": {"name": "Can add contato", "content_type": 8, "codename": "add_contato"}}, {"model": "auth.permission", "pk": 30, "fields": {"name": "Can change contato", "content_type": 8, "codename": "change_contato"}}, {"model": "auth.permission", "pk": 31, "fields": {"name": "Can delete contato", "content_type": 8, "codename": "delete_contato"}}, {"model": "auth.permission", "pk": 32, "fields": {"name": "Can view contato", "content_type": 8, "codename": "view_contato"}}, {"model": "auth.user", "pk": 1, "fields": {"password": "pbkdf2_sha256$150000$tMx82pauwOpg$Ku/szWOGqtoqET2vn+BkPBEQd7DSI4ltFjiHkqqV1H8=", "last_login": "2022-11-17T17:36:54.567Z", "is_superuser": true, "username": "carlosedlucas", "first_name": "Carlos Eduardo", "last_name": "Lucas", "email": "carlosedlucas@gmail.com", "is_staff": true, "is_active": true, "date_joined": "2022-11-11T14:23:14Z", "groups": [], "user_permissions": []}}, {"model": "auth.user", "pk": 2, "fields": {"password": "pbkdf2_sha256$150000$DeY4T0DLcBnp$Z9ZQBXJCUv2FGgDCzlPNz2AWk+e03D3LMFmv6lru0ks=", "last_login": null, "is_superuser": false, "username": "jimmypage", "first_name": "Jimmy", "last_name": "Page", "email": "jimmypage@gmail.com", "is_staff": false, "is_active": true, "date_joined": "2022-11-14T00:36:42.650Z", "groups": [], "user_permissions": []}}, {"model": "admin.logentry", "pk": 1, "fields": {"action_time": "2022-11-11T14:28:52.344Z", "user": 1, "content_type": 7, "object_id": "1", "object_repr": "Categoria object (1)", "action_flag": 1, "change_message": "[{\"added\": {}}]"}}, {"model": "admin.logentry", "pk": 2, "fields": {"action_time": "2022-11-11T14:29:02.585Z", "user": 1, "content_type": 7, "object_id": "2", "object_repr": "Categoria object (2)", "action_flag": 1, "change_message": "[{\"added\": {}}]"}}, {"model": "admin.logentry", "pk": 3, "fields": {"action_time": "2022-11-11T14:43:46.740Z", "user": 1, "content_type": 7, "object_id": "3", "object_repr": "Amigos", "action_flag": 1, "change_message": "[{\"added\": {}}]"}}, {"model": "admin.logentry", "pk": 4, "fields": {"action_time": "2022-11-11T14:44:04.089Z", "user": 1, "content_type": 8, "object_id": "1", "object_repr": "Maria", "action_flag": 1, "change_message": "[{\"added\": {}}]"}}, {"model": "admin.logentry", "pk": 5, "fields": {"action_time": "2022-11-11T14:55:00.803Z", "user": 1, "content_type": 8, "object_id": "2", "object_repr": "Jo\u00e3o", "action_flag": 1, "change_message": "[{\"added\": {}}]"}}, {"model": "admin.logentry", "pk": 6, "fields": {"action_time": "2022-11-11T15:39:45.313Z", "user": 1, "content_type": 8, "object_id": "1", "object_repr": "Maria", "action_flag": 3, "change_message": ""}}, {"model": "admin.logentry", "pk": 7, "fields": {"action_time": "2022-11-11T15:40:01.516Z", "user": 1, "content_type": 8, "object_id": "2", "object_repr": "Jo\u00e3o", "action_flag": 3, "change_message": ""}}, {"model": "admin.logentry", "pk": 8, "fields": {"action_time": "2022-11-11T20:50:32.737Z", "user": 1, "content_type": 8, "object_id": "1", "object_repr": "Thomas", "action_flag": 2, "change_message": "[{\"changed\": {\"fields\": [\"mostrar\"]}}]"}}, {"model": "admin.logentry", "pk": 9, "fields": {"action_time": "2022-11-11T20:50:54.107Z", "user": 1, "content_type": 8, "object_id": "2", "object_repr": "Let\u00edcia", "action_flag": 2, "change_message": "[{\"changed\": {\"fields\": [\"mostrar\"]}}]"}}, {"model": "admin.logentry", "pk": 10, "fields": {"action_time": "2022-11-11T20:50:54.500Z", "user": 1, "content_type": 8, "object_id": "3", "object_repr": "La\u00eds", "action_flag": 2, "change_message": "[{\"changed\": {\"fields\": [\"mostrar\"]}}]"}}, {"model": "admin.logentry", "pk": 11, "fields": {"action_time": "2022-11-11T20:51:06.909Z", "user": 1, "content_type": 8, "object_id": "1", "object_repr": "Thomas", "action_flag": 2, "change_message": "[{\"changed\": {\"fields\": [\"mostrar\"]}}]"}}, {"model": "admin.logentry", "pk": 12, "fields": {"action_time": "2022-11-11T20:51:07.155Z", "user": 1, "content_type": 8, "object_id": "2", "object_repr": "Let\u00edcia", "action_flag": 2, "change_message": "[{\"changed\": {\"fields\": [\"mostrar\"]}}]"}}, {"model": "admin.logentry", "pk": 13, "fields": {"action_time": "2022-11-11T20:51:07.591Z", "user": 1, "content_type": 8, "object_id": "3", "object_repr": "La\u00eds", "action_flag": 2, "change_message": "[{\"changed\": {\"fields\": [\"mostrar\"]}}]"}}, {"model": "admin.logentry", "pk": 14, "fields": {"action_time": "2022-11-11T20:52:57.924Z", "user": 1, "content_type": 8, "object_id": "2", "object_repr": "Let\u00edcia", "action_flag": 2, "change_message": "[{\"changed\": {\"fields\": [\"mostrar\"]}}]"}}, {"model": "admin.logentry", "pk": 15, "fields": {"action_time": "2022-11-11T20:53:06.956Z", "user": 1, "content_type": 8, "object_id": "2", "object_repr": "Let\u00edcia", "action_flag": 2, "change_message": "[{\"changed\": {\"fields\": [\"mostrar\"]}}]"}}, {"model": "admin.logentry", "pk": 16, "fields": {"action_time": "2022-11-11T21:35:28.546Z", "user": 1, "content_type": 8, "object_id": "2", "object_repr": "Let\u00edcia", "action_flag": 2, "change_message": "[{\"changed\": {\"fields\": [\"mostrar\"]}}]"}}, {"model": "admin.logentry", "pk": 17, "fields": {"action_time": "2022-11-11T21:35:28.743Z", "user": 1, "content_type": 8, "object_id": "3", "object_repr": "La\u00eds", "action_flag": 2, "change_message": "[{\"changed\": {\"fields\": [\"mostrar\"]}}]"}}, {"model": "admin.logentry", "pk": 18, "fields": {"action_time": "2022-11-13T12:25:16.716Z", "user": 1, "content_type": 8, "object_id": "1", "object_repr": "Thomas", "action_flag": 2, "change_message": "[{\"changed\": {\"fields\": [\"foto\"]}}]"}}, {"model": "admin.logentry", "pk": 19, "fields": {"action_time": "2022-11-13T12:26:08.188Z", "user": 1, "content_type": 8, "object_id": "4", "object_repr": "Ben\u00edcio", "action_flag": 2, "change_message": "[{\"changed\": {\"fields\": [\"foto\"]}}]"}}, {"model": "admin.logentry", "pk": 20, "fields": {"action_time": "2022-11-13T12:26:20.716Z", "user": 1, "content_type": 8, "object_id": "5", "object_repr": "Maria Julia", "action_flag": 2, "change_message": "[{\"changed\": {\"fields\": [\"foto\"]}}]"}}, {"model": "admin.logentry", "pk": 21, "fields": {"action_time": "2022-11-13T12:26:35.511Z", "user": 1, "content_type": 8, "object_id": "6", "object_repr": "Isabella", "action_flag": 2, "change_message": "[{\"changed\": {\"fields\": [\"foto\"]}}]"}}, {"model": "admin.logentry", "pk": 22, "fields": {"action_time": "2022-11-13T12:31:50.152Z", "user": 1, "content_type": 8, "object_id": "1", "object_repr": "Thomas", "action_flag": 2, "change_message": "[{\"changed\": {\"fields\": [\"foto\"]}}]"}}, {"model": "admin.logentry", "pk": 23, "fields": {"action_time": "2022-11-13T12:31:59.671Z", "user": 1, "content_type": 8, "object_id": "4", "object_repr": "Ben\u00edcio", "action_flag": 2, "change_message": "[{\"changed\": {\"fields\": [\"foto\"]}}]"}}, {"model": "admin.logentry", "pk": 24, "fields": {"action_time": "2022-11-13T12:32:10.813Z", "user": 1, "content_type": 8, "object_id": "5", "object_repr": "Maria Julia", "action_flag": 2, "change_message": "[{\"changed\": {\"fields\": [\"foto\"]}}]"}}, {"model": "admin.logentry", "pk": 25, "fields": {"action_time": "2022-11-13T12:32:20.135Z", "user": 1, "content_type": 8, "object_id": "6", "object_repr": "Isabella", "action_flag": 2, "change_message": "[{\"changed\": {\"fields\": [\"foto\"]}}]"}}, {"model": "admin.logentry", "pk": 26, "fields": {"action_time": "2022-11-13T12:32:42.331Z", "user": 1, "content_type": 8, "object_id": "204", "object_repr": "Andr\u00e9", "action_flag": 2, "change_message": "[{\"changed\": {\"fields\": [\"foto\"]}}]"}}, {"model": "admin.logentry", "pk": 27, "fields": {"action_time": "2022-11-13T12:32:49.722Z", "user": 1, "content_type": 8, "object_id": "203", "object_repr": "Joana", "action_flag": 2, "change_message": "[{\"changed\": {\"fields\": [\"foto\"]}}]"}}, {"model": "admin.logentry", "pk": 28, "fields": {"action_time": "2022-11-13T12:32:56.234Z", "user": 1, "content_type": 8, "object_id": "202", "object_repr": "Samuel", "action_flag": 2, "change_message": "[{\"changed\": {\"fields\": [\"foto\"]}}]"}}, {"model": "admin.logentry", "pk": 29, "fields": {"action_time": "2022-11-13T12:33:03.316Z", "user": 1, "content_type": 8, "object_id": "201", "object_repr": "Lara", "action_flag": 2, "change_message": "[{\"changed\": {\"fields\": [\"foto\"]}}]"}}, {"model": "admin.logentry", "pk": 30, "fields": {"action_time": "2022-11-13T12:35:26.413Z", "user": 1, "content_type": 8, "object_id": "203", "object_repr": "Joana", "action_flag": 2, "change_message": "[{\"changed\": {\"fields\": [\"foto\"]}}]"}}, {"model": "admin.logentry", "pk": 31, "fields": {"action_time": "2022-11-13T12:35:42.301Z", "user": 1, "content_type": 8, "object_id": "201", "object_repr": "Lara", "action_flag": 2, "change_message": "[{\"changed\": {\"fields\": [\"foto\"]}}]"}}, {"model": "admin.logentry", "pk": 32, "fields": {"action_time": "2022-11-14T00:30:15.656Z", "user": 1, "content_type": 4, "object_id": "1", "object_repr": "carlosedlucas", "action_flag": 2, "change_message": "[{\"changed\": {\"fields\": [\"username\", \"first_name\", \"last_name\", \"email\"]}}]"}}, {"model": "admin.logentry", "pk": 33, "fields": {"action_time": "2022-11-17T17:23:03.371Z", "user": 1, "content_type": 4, "object_id": "1", "object_repr": "carlosedlucas", "action_flag": 2, "change_message": "[{\"changed\": {\"fields\": [\"password\"]}}]"}}]